{"cameraMode":{"drawMode":0,"name":"Shaded","section":"Shading Mode"},"sceneLighting":true,"audioPlay":false,"sceneViewState":{"showFog":true,"showMaterialUpdate":false,"showSkybox":true,"showFlares":true,"showImageEffects":true,"showParticleSystems":true},"in2DMode":false,"pivot":{"x":20.54276466369629,"y":-1.2501078844070435,"z":6.749117374420166},"rotation":{"x":0.3352522850036621,"y":0.09902819246053696,"z":-0.03525331988930702,"w":0.9363227486610413},"size":10.155837059020996,"orthographic":false}